Aisa_Order,person_name,ig_name,ig_id,ig_strong_id,done,posts,Followers,Following,ig_url,ig_url ig_private,ig_notSure_notFound,ig_repeat,category,followers,Top200新增
1,蔡阿嘎,蔡阿嘎,yga0721,45717781,1,,,,https://www.instagram.com/yga0721/,,,,趣味搞笑,"5,893,570",
2,Joeman,Joeman 九妹,joemanweng,360484090,g,,,,https://www.instagram.com/joemanweng/,,,,"美食料理,3C科技,趣味搞笑","3,987,069",
3,黃阿瑪的後宮生活,黃阿瑪的後宮生活,fumeancat,1399123752,1,4527,105萬,159,https://www.instagram.com/fumeancat/,,,,寵物,"4,118,794",
4,千千進食中,千千,khshu_,254432523,g,989,88.8萬,962,https://www.instagram.com/khshu_/,,,,美食料理,"3,609,387",
5,小象愛出門,小象愛出門,elephant_gogo,484667815,g,,,,https://www.instagram.com/elephant_gogo/,,,,"美食料理,旅遊","1,160,238",
6,那對夫妻,那對夫妻Nico&Kim ,1006nk,1701651749,1,,,,https://www.instagram.com/1006nk/,,,,"趣味搞笑,家庭母嬰,表演藝術","4,578,282",
7,How-Fun-如何爽,HowHow,howhowhasfriends,6505088311,1,,,,https://www.instagram.com/howhowhasfriends,,,,趣味搞笑,"2,758,663",
8,PanSci-泛科學,PanSci 泛科學,pansci,1455058965,1,,,,https://www.instagram.com/pansci/,,,,知識教育,"1,900,400",
9,一隻阿圓,一隻阿圓,nanaciaociao,313471712,1,3490,56.1萬,1038,https://www.instagram.com/nanaciaociao/,,,,"美妝保養,時尚潮流,旅遊","1,734,796",
10,欸你這週要幹嘛,欸你這週要幹嘛,arielsvlog_816,8320554996,1,,,,https://www.instagram.com/arielsvlog_816/,,,,趣味搞笑,"2,339,911",
11,77老大,77老大,basil_77777,,1,,,,https://www.instagram.com/zamy_ding/,,,,"醫療健康,知識教育","2,808,129",1
12,那個女生-Kiki,那個女生Kiki,minikiki_0529,,1,,,,https://www.instagram.com/minikiki_0529/,,,,"美食料理,知識教育","1,793,484",1
13,阿滴英文,阿滴,rayduenglish,,,,,,https://www.instagram.com/rayduenglish/,,,,知識教育,"4,987,120",1
14,好味小姐,"好味小姐與蛋捲,短褲,麻糊,米香,橘皮,本丸,圓仔,More ",ladyflavor,3417748590,1,,,,https://www.instagram.com/ladyflavor/,,,,"美食料理,寵物","1,592,539",
14,好味小姐,好味小姐脆脆,ladyflavor_cui,3656815405,1,,,,https://www.instagram.com/ladyflavor_cui/,,,,"美食料理,寵物","1,592,539",
14,好味小姐,好味小姐腦波弱跟Podcast ,ladyflavor_nowpo,53675526308,1,,,,https://www.instagram.com/ladyflavor_nowpo/,,,,"美食料理,寵物","1,592,539",
15,廉傑克曼,張廉傑 RJ / 阿傑,jaychang0127,328078093,g,1841,41.3萬,4009,https://www.instagram.com/jaychang0127/,,,,遊戲電玩,"1,170,390",
16,江老師,我是江老師,teacherchiang,30136496472,g,1898,30.6萬,621,https://www.instagram.com/teacherchiang,,,,"表演藝術,時尚潮流,家庭母嬰","1,343,583",
17,那些電影教我的事,那些電影教我的事,lessonsfrommovies,485234984,1,,,,https://www.instagram.com/lessonsfrommovies/,,,,影視評論,"3,862,684",
18,豆漿--Soybean-Milk,豆漿-SoybeanMilk,soybeanmilk_cat,5556187464,1,,,,https://www.instagram.com/soybeanmilk_cat/,,,,寵物,"1,835,218",
19,Onion-man-洋蔥先生與阿文,洋蔥先生與阿文,onionman__,1981431196,g,1172,45.7萬,921,https://www.instagram.com/onionman__/,,,,"表演藝術,趣味搞笑","3,133,655",
20,人類超有病-Baxuan,霸軒BAXUAN,baxuan_ig,1959578996,g,1061,73.9萬,2826,https://www.instagram.com/baxuan_ig/,,,,"表演藝術,趣味搞笑","2,789,691",
21,大蛇丸,大蛇丸,jam_cutepig,2214964723,1,,,,https://www.instagram.com/jam_cutepig/,,,,趣味搞笑,"2,040,947",
22,Andy老師,Andy老師,andy1994x,4017891221,1,,,,https://www.instagram.com/andy1994x/,,,,"趣味搞笑,表演藝術","4,471,750",
23,超認真少年-I'm-Serious,超認真少年,imseriou,8743462644,g,1517,13.7萬,744,https://www.instagram.com/imseriou/,,,,知識教育,"1,219,271",
24,三原慧悟-Sanyuan_JAPAN,三原 慧悟/サンエン/Mr.3,sanyuan_japan,2036845994,1,,,,https://www.instagram.com/sanyuan_japan/,,,,"旅遊,趣味搞笑","2,199,000",
25,貓貓蟲-咖波,Bugcat Capoo,bugcat_capoo,2122019014,1,,,,https://www.instagram.com/bugcat_capoo/,,,,表演藝術,"6,539,880",
26,Ian&Eric,The DoDo Men - 嘟嘟人,thedodomen,,1,,,,https://www.instagram.com/thedodomen/,,,,"旅遊,趣味搞笑","2,226,005",1
27,黃氏兄弟,黃氏兄弟,huangbrotherss,6231869789,1,,,,https://www.instagram.com/huangbrotherss/,,,,"趣味搞笑,表演藝術","3,051,036",
28,我得了一種吃菜就會死的病-微疼,微疼,weiteng0710,,,,,,https://www.instagram.com/weiteng0710/,,,,"表演藝術,趣味搞笑","2,509,942",1
29,琳妲-林羿禎,琳妲-林羿禎💕 ,linda831212,262292089,g,5210,98.7萬,2400,https://www.instagram.com/linda831212/,,,,"表演藝術,趣味搞笑","2,688,159",
30,白癡公主,白癡公主,87acup,323227199,1,,,,https://www.instagram.com/87acup/,,,,趣味搞笑,"3,796,221",
31,KEOKI-BLACK布萊克薛薛,布萊克薛薛Drangadrang,k3okii,192726292,1,,,,https://www.instagram.com/k3okii/,,,,"旅遊,美食料理","1,200,469",
32,厭世甜點店,厭世甜點店,energydessert2019,,,,,,https://www.instagram.com/energydessert2019/,,,,美食料理,"817,219",1
33,陳彥婷,陳彥婷 Tiffany,thetiffanychen,4053642540,1,,,,https://www.instagram.com/thetiffanychen/,,,,趣味搞笑,"1,601,595",
34,魚乾,魚乾,annie72127,310596431,1,,,,https://www.instagram.com/annie72127/,,,,"寵物,遊戲電玩,趣味搞笑","2,023,760",
35,志祺七七,志祺,shasha77.daily,7011513421,1,,,,https://www.instagram.com/shasha77.daily/,,,,"知識教育,時事討論,高階經理人","1,935,680",
36,HOOK,HOOK ,helloiamhook,6666970922,1,,,,https://www.instagram.com/helloiamhook/,,,,"寵物,旅遊,美食料理","2,877,515",
37,木曜4超玩,木曜4超玩,muyao4,5422332449,1,,,,https://www.instagram.com/muyao4/,,,,旅遊,"3,229,080",
38,丹妮婊姐,丹妮婊姐星球,dannybeeech,1387337609,1,1231,25.7萬,2,https://www.instagram.com/dannybeeech/,,,,"美妝保養,時尚潮流,趣味搞笑","1,174,230",
39,泱泱LYNN,泱泱LYNN,lynnwu0219_2,47642521277,1,,,,https://www.instagram.com/lynnwu0219_2/,,,,帶貨分潤,"1,965,591",
40,HahaTai-哈哈台,HahaTai 哈哈台,hahatai_official,2373420238,g,,,,https://www.instagram.com/hahatai_official/,,,,趣味搞笑,"2,018,440",
41,丁特-Dinter,丁特頻道,dinteroffical,,1,,,,https://www.instagram.com/dinteroffical/,,,,遊戲電玩,"1,600,408",1
42,彼得爸與蘇珊媽,彼得爸與蘇珊媽,peter_and_susan,22917989,g,3128,11.5萬,1251,https://www.instagram.com/peter_and_susan/,,,,"旅遊,家庭母嬰,帶貨分潤","741,306",
43,阿翰po影片,阿翰po影片,hanhanpovideo,,,,,,https://www.instagram.com/hanhanpovideo/,,,,趣味搞笑,"2,812,701",1
44,愛里,愛里,allie.liao,1962736611,g,173,61.3萬,1321,https://www.instagram.com/allie.liao/,,,,"知識教育,趣味搞笑","1,135,265",
45,這群人-尼克,尼克 王士維,nickwang1988,,,,,,https://www.instagram.com/nickwang1988/,,,,"趣味搞笑,表演藝術","1,466,257",1
46,蔡桃貴,蔡桃貴,tsaigray2018,8047388429,1,,,,https://www.instagram.com/tsaigray2018/,,,,"家庭母嬰,趣味搞笑","2,629,703",
47,Ru's-Piano-Ru味春捲,Ru味春捲Ru's Piano ,ruruspiano,589042879,g,1332,22.2萬,693,https://www.instagram.com/ruruspiano/,,,,表演藝術,"3,023,789",
48,阿啾繪圖同萌,阿啾小劇場,achusan0817,2214961036,1,,,,https://www.instagram.com/achusan0817/,,,,"表演藝術,趣味搞笑","2,064,380",
48,阿啾繪圖同萌,劉啾慶,achu08177,6183789581,1,,,,https://www.instagram.com/achu08177/,,,,"表演藝術,趣味搞笑","2,064,380",
49,黃大謙,黃大謙,da_chien_huang,,,,,,https://www.instagram.com/da_chien_huang/,,,,趣味搞笑,"2,073,696",1
50,愛莉莎莎-Alisasa,愛莉莎莎Alisasa 🐨 ,goodalicia,328949039,g,1636,61.3萬,1266,https://www.instagram.com/goodalicia/,,,,"美妝保養,時尚潮流","2,282,925",
51,見習網美小吳,見習網美小吳,beauty___wu,264560267,g,1728,75.9萬,769,https://www.instagram.com/beauty___wu/,,,,"美妝保養,趣味搞笑","2,457,900",
52,Charlene-Liu-查理,Charlene Liu 查理,coindevanity,,,,,,https://www.instagram.com/coindevanity/,,,,"美妝保養,時尚潮流,旅遊","1,182,828",1
53,PEETA葛格,PEETA葛格 ,peeta.gege,255612709,,,,,https://www.instagram.com/peeta.gege/,,,,運動健身,"1,234,263",
54,波蘭女孩x台灣男孩-在家環遊世界,Mila Sky,milasky_love,,,,,,https://www.instagram.com/milasky_love/,,,,"旅遊,美食料理","855,382",1
55,連環泡有芒果,連環泡有芒果,corgimango,,,,,,https://www.instagram.com/corgimango/,,,,"美食料理,寵物,趣味搞笑","1,376,204",1
56,Emma艾瑪,Emma 艾瑪,xollox121,255423608,g,,,,https://www.instagram.com/xollox121/,,,,運動健身,"2,021,109",
57,Aries艾瑞絲,Aries艾瑞絲,aries_8248,453456033,g,2021,77.4萬,938,https://www.instagram.com/aries_8248/,,,,"美食料理,表演藝術,趣味搞笑","4,793,236",
58,蘿潔塔的廚房,蘿潔塔的廚房,rosalina.kitchen,2319795781,1,,,,https://www.instagram.com/rosalina.kitchen/,,,,"美食料理,帶貨分潤","3,126,002",
59,瑀熙-Yuci,瑀熙Yuci🐻,uccu0323,,,,,,https://www.instagram.com/uccu0323/,,,,"旅遊,遊戲電玩","3,371,994",1
60,這群人TGOP,這群人 TGOP,thisgroupofpeople,3179636262,1,2365,63.4萬,15,https://www.instagram.com/thisgroupofpeople/,,,,趣味搞笑,"6,437,127",
61,3cTim哥生活的日常,Tim哥,3ctim,,,,,,https://www.instagram.com/3ctim/,,,,3C科技,"1,525,334",1
62,百變沛莉-Peri,沛莉 Peri Chang,peri168,,,,,,https://www.instagram.com/peri168/,,,,"美妝保養,時尚潮流,家庭母嬰","1,166,453",1
63,鹿人,鹿人,twodeerman,1422088439,1,920,41萬,207,https://www.instagram.com/twodeerman/,,,,"表演藝術,趣味搞笑","2,154,070",
64,關韶文,關韶文 關關✨,ethan_kuan_kuan,270217123,1,1904,36.7萬,500,https://www.instagram.com/ethan_kuan_kuan/,,,,"美妝保養,趣味搞笑,表演藝術","1,108,765",
65,健人蓋伊,健人蓋伊,gu_yuze,2945747715,g,,,,https://www.instagram.com/gu_yuze/,,,,運動健身,"1,495,840",
66,GINA-HELLO!,GINA HELLO,ginachiki,,,,,,https://www.instagram.com/ginachiki/,,,,"美妝保養,時尚潮流,旅遊","1,866,192",1
67,我是老爸-我不要當爸!,我是老爸，我不要當爸,daddy.iam,3638274950,g,546,10.2萬,300,https://www.instagram.com/daddy.iam/,,,,"旅遊,美食料理","1,212,417",
68,蛋事超有事EggThings,蛋哥超有事EggThings,egg_things,,,,,,https://www.instagram.com/egg_things/,,,,表演藝術,"1,842,817",1
69,雨揚樂活家族,招財｜數字測驗,yu.young_fate,,1,,,,https://www.instagram.com/yu.young_fate/,,,,綜合其他,"1,345,502",1
70,肉比頭Zoebitalk,肉比頭#用奇怪方式環遊世界的情侶,zoebitalk,,,,,,https://www.instagram.com/zoebitalk/,,,,"旅遊,知識教育","1,030,757",1
71,現在宅知道,現在宅知道,cb.otaku,,,,,,https://www.instagram.com/cb.otaku/,,,,遊戲電玩,"528,036",1
72,人生肥宅x尊,人生肥宅x尊,loserzun,,1,,,,https://www.instagram.com/loserzun/,,,,"趣味搞笑,遊戲電玩","2,599,791",1
73,啾啾妹-by-LIIN,啾啾妹 by LIIN,chuchumei__,,,,,,https://www.instagram.com/chuchumei__/,,,,"趣味搞笑,設計創作","2,012,172",1
74,閃電狼Flash-Wolves,FlashWolves 閃電狼,flashwolves2013,3882104752,1,,,,https://www.instagram.com/flashwolves2013/,,,,遊戲電玩,"509,072",
75,融融歷險記-Ben’s-Adventure,Ben Wu 融融歷險記,benwoooo,,,,,,https://www.instagram.com/benwoooo/,,,,旅遊,"894,363",1
76,星期天,星期天 Sunday,sundayright_dub,1795150072,g,1955,18萬,1570,https://www.instagram.com/sundayright_dub/,,,,綜合其他,"1,273,443",
77,Yun-Chou,Yun Chou,riceandshine.co,851583,g,2951,83.1萬,991,https://www.instagram.com/riceandshine.co/,,,,家庭母嬰,"1,593,142",
78,MaoMaoTV,MaoMaoTV,maomaotv,,,,,,https://www.instagram.com/maomaotv/,,,,旅遊,"1,354,850",1
79,Evelyn-Chen-理科太太,Evelyn Chen 理科太太,liketaitai,,1,,,,https://www.instagram.com/liketaitai/,,,,"醫療健康,時事討論","2,387,970",1
80,小A辣,小A辣🌶️,ala780705,5703523434,g,1756,35.3萬,1481,https://www.instagram.com/ala780705/,,,,趣味搞笑,"2,843,019",
81,兔女狼,兔女狼Rabbit& Wolf,colorfulinsideus,,,,,,https://www.instagram.com/colorfulinsideus/,,,,旅遊,"485,115",1
82,有璟妍精요찡옌찡,有璟 요찡 🇰🇷,602avenue,,,,,,https://www.instagram.com/602avenue/,,,,"旅遊,美食料理","671,079",1
83,滴妹,滴妹,crown_du,,,,,,https://www.instagram.com/crown_du/,,,,"旅遊,美食料理,知識教育","2,423,665",1
84,莫彩曦Hailey,Hailey 莫彩曦,hailey_jane,,,,,,https://www.instagram.com/hailey_jane/,,,,綜合其他,"2,231,047",1
85,星光奈奈,星光奈奈,5inana,,,,,,https://www.instagram.com/5inana/,,,,"旅遊,表演藝術","979,182",1
86,Gary蓋瑞,Gary蓋瑞,gary.0917,,,,,,https://www.instagram.com/gary.0917/,,,,遊戲電玩,"872,819",1
87,Jason-Chen-陳以桐,Jason Chen 陳以桐,jasondchen,32527641,1,,,,https://www.instagram.com/jasondchen/,,,,表演藝術,"5,827,634",
88,台灣妞韓國媳,Taiwanniu,taiwanniu421,,,,,,https://www.instagram.com/taiwanniu421/,,,,"美妝保養,旅遊,帶貨分潤","1,211,490",1
89,cheap-鄭才暐,鄭才暐,cheapaoe,,1,,,,https://www.instagram.com/cheapaoe/,,,,"遊戲電玩,時事討論","1,819,617",1
90,王宏哲教養、育兒寶典,王宏哲教養育兒寶典,wanghungche,,,,,,https://www.instagram.com/wanghungche/,,,,"家庭母嬰,知識教育,高階經理人","1,982,132",1
91,小葵-XiaoKui,小葵 XiaoKui,miao11255,1673522323,g,1359,17.7萬,765,https://www.instagram.com/miao11255/,,,,遊戲電玩,"734,186",
92,High咖-邱志恒,✨High咖-邱志恒✨嗨咖,children0704,,,,,,https://www.instagram.com/children0704/,,,,趣味搞笑,"814,167",1
93,Lobo-蘿蔔 ,Lobo蘿蔔,lobo_is_good,,,,,,https://www.instagram.com/lobo_is_good/,,,,遊戲電玩,"639,131",1
94,黃小米-Mii,黃小米 Mii,lovemiihuang,,,,,,https://www.instagram.com/lovemiihuang/,,,,"美妝保養,時尚潮流,旅遊","1,004,034",1
95,鼻妹的廢話亂畫,鼻妹 Bimay,bimay_nagging,,,,,,https://www.instagram.com/bimay_nagging/,,,,"表演藝術,趣味搞笑","829,503",1
96,Sandy-珊迪,Sandykaka 珊迪,sandykaka_,2620202,1,3268,29萬,477,https://www.instagram.com/sandykaka_/,,,,"美食料理,寵物,遊戲電玩","908,108",
97,魔術Channel---Davio,🎩Davio🎩,davio_magic,3025123501,g,2068,35.3萬,674,https://www.instagram.com/davio_magic/,,,,表演藝術,"1,023,344",
98,可可酒精,可可酒精,cocowine0205,,,,,,https://www.instagram.com/cocowine0205/,,,,"美食料理,趣味搞笑","853,725",1
99,吃貨豪豪,方建豪,martinispig,,,,,,https://www.instagram.com/martinispig/,,,,美食料理,"1,005,714",1
100,電瀨少女-女孩的科技日常,電獺少女,aottergirls,1918317716,1,,,,https://www.instagram.com/aottergirls/,,,,3C科技,"1,696,911",
101,恩熙俊-aka-MC-Jeng,MC Jeng Su,jengsu,,,,,,https://www.instagram.com/jengsu/,,,,美食料理,"955,113",1
102,崔&雪莉&Jon,雪莉shirley,shirley_01_12,,,,,,https://www.instagram.com/shirley_01_12/,,,,影視評論,"1,558,731",1
103,鐵牛-Ironbull,鐵牛Ironbull,ironbullim,,,,,,https://www.instagram.com/ironbullim/,,,,"遊戲電玩,趣味搞笑","507,446",1
104,小尾巴,小尾巴,tiest0913,,,,,,https://www.instagram.com/tiest0913/,,,,"表演藝術,遊戲電玩,趣味搞笑","446,565",1
105,蔡哥,蔡哥,tsaibrotherderboofan,,,,,,https://www.instagram.com/tsaibrotherderboofan/,,,,"表演藝術,趣味搞笑","685,495",1
106,Ciao!-Kitchen,ᴄɪᴀᴏ! ᴋɪᴛᴄʜᴇɴ 巧兒灶咖,ciao_kitchen,,,,,,https://www.instagram.com/ciao_kitchen/,,,,美食料理,"930,506",1
107,超粒方,超粒方,tesscube,,1,,,,https://www.instagram.com/tesscube/,,,,影視評論,"1,516,587",1
108,Sandy-&-Mandy,Sandy&Mandy,sandymandy_official,5694299090,1,579,51.8萬,262,https://www.instagram.com/sandymandy_official/,,,,表演藝術,"4,368,119",
109,麻糬爸,麻糬爸與白爛貓家族,mochi_dad,588016383,1,2543,39萬,116,https://www.instagram.com/mochi_dad/,,,,表演藝術,"983,918",
110,Six-Wang,Six Wang ,6tan,144080454,1,,,,https://www.instagram.com/6tan/,,,,遊戲電玩,"719,070",
111,Lilyflute長笛姐姐,長笛姐姐🪄Lily Flute,lilyflute,2926479106,1,,,,https://www.instagram.com/lilyflute/,,,,表演藝術,"575,346",
112,Wecook123-料理123,料理123,wecook123123,,,,,,https://www.instagram.com/wecook123123/,,,,美食料理,"1,686,717",1
113,林進-飛醺卑鄙-fashion-baby,林進Lingin 林東進飛醺卑鄙Fashionbaby ,lingin1209,371630480,g,8174,71.9萬,2246,https://www.instagram.com/lingin1209/,,,,趣味搞笑,"2,522,901",
114,泥泥汝niniru,泥泥汝niniru,niniru621,,,,,,https://www.instagram.com/niniru621/,,,,"美妝保養,遊戲電玩","737,905",1
115,艾爾文,艾爾文,alvin701,1972535324,1,1327,18.8萬,141,https://www.instagram.com/alvin701/,,,,知識教育,"1,563,768",
116,DE-JuN,DE JuN,de.jun_666,,,,,,https://www.instagram.com/de.jun_666/,,,,遊戲電玩,"2,496,068",1
117,小熊-Yuniko,小熊yuniko,yuniko0720,,,,,,https://www.instagram.com/yuniko0720/,,,,"3C科技,遊戲電玩,旅遊","723,962",1
118,IFBB-Pro-Lin-Ching-Chieh-林敬傑,BBpPro-Lin-Ching-Chieh-林敬傑,超級熱狗王 林敬傑 IFBB PRO,ackj0301_ifbbpro,356292460,1,,,,https://www.instagram.com/ackj0301_ifbbpro/,,,運動健身,"566,318",
119,Bobo-TV,BoBo TV,bobo_kira,,,,,,https://www.instagram.com/bobo_kira/,,,,寵物,"607,302",1
120,嘎嫂二伯,嘎嫂二伯,2uncle987,2113732341,g,4181,77.2萬,700,https://www.instagram.com/2uncle987/,,,,"旅遊,家庭母嬰","1,202,900",
121,找蔬食-Traveggo,找蔬食 Hao&Yang,traveggo,,,,,,https://www.instagram.com/traveggo/,,,,"美食料理,趣味搞笑","628,247",1
122,我是阿樂-林妤臻,我是阿樂🐹林妤臻🎏,alephant_0427,,,,,,https://www.instagram.com/alephant_0427/,,,,"遊戲電玩,表演藝術","1,691,167",1
123,紀卜心-Kimi,♡ 🍒紀卜心☺︎,eatzzz7,,,,,,https://www.instagram.com/eatzzz7/,,,,"美妝保養,時尚潮流,旅遊","1,522,665",1
124,台灣吧,臺灣吧 Taiwan Bar,taiwan_bar,10724137476,1,,,,https://www.instagram.com/taiwan_bar/,,,,"知識教育,理財創業","1,776,982",
125,Patti-Huang,🎀iampatti采蓁🎀,pattihuang,,,,,,https://www.instagram.com/pattihuang/,,,,"美食料理,寵物,趣味搞笑","585,869",1
126,強運少女日本日記RU-in-Japan/,るー🌿RU醬,kaoru_0409,,,,,,https://www.instagram.com/kaoru_0409/,,,,"旅遊,美食料理","548,777",1
127,邱沁宜,邱沁宜/黛西小姐 Miss Daisy,daisy.chiu,,,,,,https://www.instagram.com/daisy.chiu/,,,,"理財創業,高階經理人","563,247",1
128,阿淇博士-Dr.Achi,阿淇博士 Dr.Achi,hithisisachi,,,,,,https://www.instagram.com/hithisisachi/,,,,"美食料理,醫療健康,知識教育","614,509",1
129,J-Bao賤葆,賤葆ʕ•ᴥ•ʔ✨,jbao_5000,,,,,,https://www.instagram.com/jbao_5000/,,,,"趣味搞笑,旅遊","1,652,165",1
130,這群人-董仔,這群人董仔,donehannah,,,,,,https://www.instagram.com/donehannah/,,,,"表演藝術,趣味搞笑","668,474",1
131,Ines-Wang,王以甯 𝙸 𝙽 𝙴 𝚂,inesinesw,,,,,,https://www.instagram.com/inesinesw/,,,,"美妝保養,時尚潮流,帶貨分潤","1,026,129",1
132,元-元,元 元,1105ya,506333587,1,1521,alvin701,558,https://www.instagram.com/1105ya/,,,,時尚潮流,"2,077,332",
133,史丹利視角的體育世界,史丹利的採訪生活,stanley_sportslife,,,,,,https://www.instagram.com/stanley_sportslife/,,,,運動健身,"247,476",1
134,豹子腿方昶詠,方昶詠,cyfang58,,,,,,https://www.instagram.com/cyfang58/,,,,運動健身,"373,424",1
135,羅小白,羅小白S.white,swhite523,,,,,,https://www.instagram.com/swhite523/,,,,表演藝術,"1,797,351",1
136,阿慈車庫-Dream-garage,阿慈車庫,tzu_888,,,,,,https://www.instagram.com/tzu_888/,,,,汽機車,"1,032,038",1
137,痘疤醫生---莊盈彥醫師,痘疤女王 莊盈彥,dr.acne_scar_queen,,,,,,https://www.instagram.com/dr.acne_scar_queen/,,,,"知識教育,醫療健康","922,505",1
138,Men's-Game-玩物誌,Allen,mensgametw,,,,,,https://www.instagram.com/mensgametw/,,,,3C科技,"871,207",1
139,英雄日常Heroisme,林 英雄,20141010hero,,,,,,https://www.instagram.com/20141010hero/,,,,遊戲電玩,"1,424,527",1
140,飽妮,飽妮,bonibaobao,,,,,,https://www.instagram.com/bonibaobao/,,,,影視評論,"619,791",1
141,咪妃Julia,咪妃（榴槤姊姊） ,juliamisakii,646090220,1,,,,https://www.instagram.com/juliamisakii/,,,,"遊戲電玩,表演藝術,趣味搞笑","1,407,444",
142,卡特-Kart,卡特,kart_wang,,,,,,https://www.instagram.com/kart_wang/,,,,"美妝保養,時尚潮流","552,284",1
143,囂搞-Shaogao,Shaogao 囂搞,shaogao,,,,,,https://www.instagram.com/shaogao/,,,,"表演藝術,趣味搞笑","1,686,541",1
144,籃靖玟,籃籃,lan0716,,,,,,https://www.instagram.com/lan0716/,,,,"旅遊,運動健身","888,181",1
145,Peter-Su,Peter Su,peter825,,,,,,https://www.instagram.com/peter825/,,,,"旅遊,知識教育","1,440,564",1
146,SMG-Sirenia海牛,海牛,manatee0701,,,,,,https://www.instagram.com/manatee0701/,,,,遊戲電玩,"1,033,337",1
147,Coffee-Time,Pet Pixels Studio,coffee_time_corgi,,,,,,https://www.instagram.com/coffee_time_corgi/,,,,寵物,"956,197",1
148,魯蛋的頻道,魯文文,ruwenwen,,,,,,https://www.instagram.com/ruwenwen/,,,,遊戲電玩,"701,202",1
149,含羞草日記,含羞草,xiucao.han,,,,,,https://www.instagram.com/xiucao.han/,,,,"遊戲電玩,趣味搞笑","1,694,569",1
150,辣媽Shania,辣媽Shania,lamashania,331734673,1,,,,https://www.instagram.com/lamashania/,,,,美食料理,"710,899",
151,三個麻瓜,三個麻瓜,three_muggles,,,,,,https://www.instagram.com/three_muggles/,,,,影視評論,"483,792",1
152,傲嬌爸的養貓日常,傲嬌爸的養貓日常,uni_catto,,,,,,https://www.instagram.com/uni_catto/,,,,寵物,"337,191",1
153,胡采蘋-Emmy-Hu,Emmy追劇時間,emmy_on_earth,,,,,,https://www.instagram.com/emmy_on_earth/,,,,理財創業,"611,022",1
154,LoganDBeck-小貝 ,Logan Beck 小貝,logandbeck,,,,,,https://www.instagram.com/logandbeck/,,,,旅遊,"791,762",1
155,林萱-Shiuan,林瑄 SHIUAN,1_shiuan_0,,,,,,https://www.instagram.com/1_shiuan_0/,,,,"美妝保養,時尚潮流","749,304",1
156,日本藥妝失心瘋,日本失心瘋俱樂部,japanuts,,,,,,https://www.instagram.com/japanuts/,,,,"美妝保養,家庭母嬰,帶貨分潤","1,412,029",1
157,Campfire營火部落,Campfire 營火部落 - 達哥,campfire_tw,,,,,,https://www.instagram.com/campfire_tw/,,,,旅遊,"595,237",1
158,BlaireChen-左撇子,,blairechen,,,,,,https://www.instagram.com/blairechen/,,,,"美妝保養,時尚潮流,旅遊","991,200",1
159,莊政威-Cliff-Chuang,克里夫三,cliffchuang3,6994695601,1,,,,https://www.instagram.com/cliffchuang3/,,,,汽機車,"479,550",
160,Candy-孟潔,孟潔MJ,mengj215,,,,,,https://www.instagram.com/mengj215/,,,,時尚潮流,"1,118,627",1
161,貝莉莓,貝莉莓 BerryM.,itsberrym,,,,,,https://www.instagram.com/itsberrym/,,,,"遊戲電玩,表演藝術","872,030",1
162,蕭志瑋,蕭志瑋 八弟,afunnywii,,,,,,https://www.instagram.com/afunnywii/,,,,"表演藝術,趣味搞笑","648,334",1
163,周小葳,葳老闆｜周品均,mayukichou,18346291,g,,,,https://www.instagram.com/mayukichou/,,,,"時尚潮流,高階經理人","636,488",
164,胡子Huz,胡子,huzihuang1989,,,,,,https://www.instagram.com/huzihuang1989/,,,,趣味搞笑,"1,498,023",1
165,柴犬Nana和阿楞的一天,柴犬Nana和阿楞的一天,nana_aleng,259690279,999,,,,https://www.instagram.com/nana_aleng/,,,,寵物,"1,115,065",
166,那那大師,那那大師,tinana_master,,,,,,https://www.instagram.com/tinana_master/,,,,趣味搞笑,"441,395",1
167,維思維,維思維,weisway18,,,,,,https://www.instagram.com/weisway18/,,,,知識教育,"1,336,423",1
168,肉肉Neneko,Neneko肉肉,neneko.n,,,,,,https://www.instagram.com/neneko.n/,,,,表演藝術,"1,142,370",1
169,上發條俱樂部,林發條🇹🇼,wia627,,,,,,https://www.instagram.com/wia627/,,,,"家庭母嬰,寵物,帶貨分潤","522,762",1
170,牛排,牛排,jam_steak,,,,,,https://www.instagram.com/jam_steak/,,,,趣味搞笑,"1,902,422",1
171,希露弟弟啃雞腿,希露弟弟啃雞腿,getwie__,,,,,,https://www.instagram.com/getwie__/,,,,寵物,"598,756",1
172,黃山料,黃山料,iam_3636,1269919808,1,,,,https://www.instagram.com/iam_3636/,,,,時事討論,"819,296",
173,羚小鹿,YING 林岱縈,daiying0,594657,g,,,,https://www.instagram.com/daiying0/,,,,"美妝保養,旅遊,表演藝術","837,218",
174,Natalie吳斐莉,Natalie吳斐莉,wufeili,,,,,,https://www.instagram.com/wufeili/,,,,"美妝保養,時尚潮流,旅遊","990,029",1
175,黃帝筱清Virus,Qi黃帝💋,zxsdexz,,,,,,https://www.instagram.com/zxsdexz/,,,,遊戲電玩,"680,208",1
176,村子裡的凱莉哥,村子裡的凱莉哥,kellyshen40,,,,,,https://www.instagram.com/kellyshen40/,,,,"旅遊,家庭母嬰,帶貨分潤","383,926",1
177,老王-oldwang,跟著老王好好學股票,oldwangstock,,1,,,,https://www.instagram.com/oldwangstock/,,,,"趣味搞笑,時事討論","2,501,639",1
178,處女座媽媽的瑣碎日常,處女座媽媽的瑣碎日常💐Kaori,mypink0911,,,,,,https://www.instagram.com/mypink0911/,,,,綜合其他,"436,111",1
179,虎麗笑嗨嗨,虎麗笑嗨嗨 高雄美食,hooleefun,987577757,1,,,,https://www.instagram.com/hooleefun/,,,,美食料理,"605,210",
180,老王愛說笑,跟著老王好好學股票｜大道至簡｜技術分析｜投資理財｜ETF｜國際總經｜,oldwangstock,,,,,,https://www.instagram.com/oldwangstock/,,,,理財創業,"880,486",1
181,喪屍老爸,喪屍老爸,walkerdad1228,,,,,,https://www.instagram.com/walkerdad1228/,,,,"家庭母嬰,趣味搞笑","1,598,097",1
182,尤汐伯夷,Boy playmj,boyplaymj,,,,,,https://www.instagram.com/boyplaymj/,,,,遊戲電玩,"531,378",1
183,崔咪Tramy,崔咪Tramy,b2btramy888888,,,,,,https://www.instagram.com/b2btramy888888/,,,,時尚潮流,"709,430",1
184,Cindy-H,Cindy,cindyhhh32,,,,,,https://www.instagram.com/cindyhhh32/,,,,"美妝保養,時尚潮流","471,194",1
185,MR.JOE-HOBBY.tv,喬老師 Mr.Joe Hobby,mr.joehobby,,,,,,https://www.instagram.com/mr.joehobby/,,,,遊戲電玩,"600,978",1
186,Sunnie-陸筱晴,陸筱晴,sunnie_cat0111,,,,,,https://www.instagram.com/sunnie_cat0111/,,,,"美妝保養,時尚潮流,旅遊,美食料理","775,128",1
187,Goris-Sky,Goris （CHEN）,goris.sky,,,,,,https://www.instagram.com/goris.sky/,,,,"時尚潮流,美妝保養","385,480",1
188,依梨,依梨🐰,lebaby0v0,334198510,1,,,,https://www.instagram.com/lebaby0v0/,,,,"時尚潮流,遊戲電玩","3,061,851",
189,許允樂的老兵魂,許允樂,byleway,,,,,,https://www.instagram.com/byleway/,,,,"美妝保養,時尚潮流","566,970",1
190,鬧著玩娛樂,鬧著玩娛樂,nowyouon,,,,,,https://www.instagram.com/nowyouon/,,,,"旅遊,美食料理","623,531",1
191,林淑芬2.0,C D H｜林淑芬,0_shufen,2616472977,1,,,,https://www.instagram.com/0_shufen/,,,,綜合其他,"1,328,649",
192,Mom-&-Dad,Mom & Dad（媽爹）,momanddad_band,,,,,,https://www.instagram.com/momanddad_band/,,,,家庭母嬰,"799,101",1
193,Meg-今天穿什麼,Meg Lu,maygobla,,,,,,https://www.instagram.com/maygobla/,,,,"美妝保養,時尚潮流","760,115",1
194,小凱老師,小凱老師,kai_makeup_,,,,,,https://www.instagram.com/kai_makeup_/,,,,美妝保養,"540,704",1
195,紫玥桃,紫玥桃 Cosplay,skauramomo,515352630,g,,,,https://www.instagram.com/skauramomo/,,,,"時尚潮流,表演藝術","676,777",
196,鵝鵝就是鵝鵝,鵝鵝就是鵝鵝,ninggoose,,,,,,https://www.instagram.com/ninggoose/,,,,汽機車,"484,173",1
197,安啾咪,安啾 Anjou,anjouclever,,,,,,https://www.instagram.com/anjouclever/,,,,"美食料理,表演藝術","2,292,749",1
198,Linzin-阿哲,inzin 阿哲,linzin.yt,,,,,,https://www.instagram.com/linzin.yt/,,,,3C科技,"574,149",1
199,廚佛瑞德Fred,Fred Hsu,thechef_fred,,,,,,https://www.instagram.com/thechef_fred/,,,,"美食料理,帶貨分潤","1,181,965",1
200,大H-陳建昕,大H 陳建昕IFBB PRO,hsin0126,,,,,,https://www.instagram.com/hsin0126/,,,,運動健身,"620,988",1
